91982,David Davis,18,Plasco
85312,Sophia Blayke,7,Empye
56197,Emily Lavender,3,Grape
38207,Luna Eila,18,Yurtle
26260,Amelia Kalea,10,Darve
90795,Sophia Natalee,4,freet
95010,Sophia Kaleah,20,Empye
67097,Luna Farah,17,Darve
61142,Grace Kalea,1,FLux
17724,Ava Lavender,17,Darve
38207,Aria Nahla,20,Yurtle
55801,Amelia Eila,16,Darve
79294,Penelope Darla,1,Teege
58103,Abigail Arizona,13,Spllll
81126,Emma Macey,18,freet
66754,Aria Ira,10,freet
81369,Charlotte Kalea,19,Teege
36208,Isabella Macey,9,Grape
17152,Chloe Rosalind,4,Spllll
10714,Eleanor Farah,7,Derple
92581,Chloe Alissa,19,Plasco
61448,Harper Jubilee,14,FLux
48657,Ella Alissa,4,freet
47330,Isabella Xyla,9,Spllll
37957,Evelyn Kaleah,11,Grape
54607,Layla Rosalind,11,FLux
42069,Olivia Farah,15,Grape
38207,Harper Jubilee,12,Yurtle
98076,Grace Natalee,11,Grape
65990,Madison Farah,8,Derple
54748,Emma Jubilee,20,FLux
44613,Mia Renesmee,12,Derple
23760,Harper Lavender,11,Plasco
87286,Sofia Chevelle,7,FLux
94294,Layla Jenny,16,FLux
48558,Sophia Jubilee,6,FLux
45138,Layla Kya,13,Plasco
65077,Sophia Zaya,1,freet
30389,Ellie Renesmee,9,freet
38207,Eleanor Eila,4,Yurtle
67793,Ella Farah,12,Teege
38207,Avery Theresa,6,Yurtle
61242,Olivia Joey,18,Darve
12849,Ellie Salome,4,Spllll
36264,Chloe Rosalind,16,Plasco
29785,Sophia Kaleah,19,Empye
23230,Evelyn Salome,19,FLux
14848,Scarlett Rosalind,12,freet
73114,Gianna Lavender,5,Grape
40341,Emily Jubilee,2,Teege
44102,Grace Darla,12,Empye
30736,Gianna Theresa,4,Plasco
19937,Grace Yuna,18,Plasco
63550,Emma Zaya,12,Empye
97253,Scarlett Farah,4,freet
96214,Layla Eila,3,Spllll
38207,Ava Salome,11,Yurtle
38207,Avery Renesmee,5,Yurtle
96995,Avery Chevelle,14,freet
82548,Harper Lavender,16,Empye
63106,Elizabeth Alissa,4,Derple
98502,Luna Jubilee,4,Empye
72508,Abigail Renesmee,17,freet
11509,Avery Eila,4,Teege
45059,Emily Lavender,11,Teege
38207,Emily Salome,6,Yurtle
41193,Camila Alessa,13,Teege
24378,Chloe Eila,7,Darve
98360,Avery Jubilee,15,Grape
22600,Chloe Macey,10,Empye
30544,Emma Alissa,18,freet
41495,Sofia Raine,10,FLux
92022,Luna Xyla,3,Empye
32499,Avery Darla,14,Teege
21310,Elizabeth Xyla,18,Plasco
90402,Ella Arizona,1,Darve
43320,Mia Ira,19,FLux
69172,Emma Eila,10,FLux
13724,Madison Kaleah,16,Grape
38207,Layla Zaya,14,Yurtle
38207,Layla Joey,17,Yurtle
79403,Sophia Zaya,3,Teege
62896,Chloe Kaleah,10,FLux
55448,Madison Ira,4,Darve
42289,Eleanor Alessa,2,FLux
62955,Grace Alissa,12,FLux
38207,Aria Yuna,11,Yurtle
43147,Sofia Kaleah,2,Spllll
26962,Layla Salome,13,Darve
63725,Penelope Kaleah,18,Derple
63327,Chloe Alissa,2,Teege
78783,Layla Kaleah,15,freet
38207,Amelia Natalee,20,Yurtle
99246,Sofia Farah,14,Derple
38207,Abigail Blayke,4,Yurtle
21002,Layla Kalea,1,Grape
80654,Sophia Asia,17,Teege
38207,Eleanor Renesmee,2,Yurtle
50423,Grace Zaya,13,Spllll
62599,Grace Eila,9,FLux
81454,Elizabeth Lavender,17,Spllll
35258,Grace Xyla,7,Grape
90212,Emma Annelise,13,Empye
36889,Ellie Alessa,19,freet
69911,Abigail Jenny,13,Empye
41485,Avery Nahla,17,Derple
25695,Amelia Kya,7,Plasco
51179,Penelope Alissa,3,Empye
48498,Madison Macey,16,Teege
55285,Mila Zaya,18,Spllll
32245,Madison Kya,1,Plasco
11091,Mila Xyla,9,Grape
96919,Mia Arizona,10,freet
55893,Amelia Farah,3,FLux
81643,Avery Alissa,3,Derple
79202,Evelyn Annelise,10,Plasco
98008,Ella Arizona,8,Teege
93777,Abigail Zaya,18,Grape
73957,Mia Asia,5,Empye
88960,Layla Renesmee,6,freet
73791,Isabella Arizona,7,Empye
12469,Avery Ira,16,Grape
65018,Elizabeth Blayke,16,Empye
60185,Grace Salome,17,Empye
59389,Aria Theresa,14,Empye
62932,Madison Blayke,1,Darve
83604,Evelyn Macey,4,freet
35565,Gianna Arizona,3,FLux
76585,Ava Kalea,7,FLux
84976,Sophia Blayke,8,FLux
60456,Charlotte Alissa,6,Teege
58529,Ava Ira,14,Grape
38207,Sofia Zaya,9,Yurtle
63899,Olivia Kalea,2,Plasco
94632,Mia Eila,3,Spllll
71629,Camila Salome,4,Grape
60258,Emily Blayke,6,freet
38207,Aria Eila,9,Yurtle
21407,Gianna Theresa,7,Derple
51140,Ava Farah,3,Derple
30365,Evelyn Xyla,14,FLux
53190,Abigail Rosalind,10,Plasco
38207,Gianna Blayke,11,Yurtle
17960,Isabella Jenny,2,Derple
23370,Amelia Yuna,15,Grape
23217,Ella Farah,20,Darve
47769,Emma Rosalind,5,Plasco
17112,Aria Annelise,14,Plasco
12049,Charlotte Raine,14,Yurtle
78422,Chloe Kya,1,Empye
65598,Grace Macey,15,Plasco
28125,Emma Alissa,2,Plasco
23820,Penelope Jubilee,16,Grape
59144,Abigail Jubilee,15,Spllll
42135,Abigail Jubilee,20,Grape
38207,Olivia Nahla,5,Yurtle
38207,Ella Eila,19,Yurtle
59967,Emily Jenny,9,Plasco
18560,Amelia Joey,9,freet
91575,Olivia Jenny,6,Spllll
99393,Penelope Nahla,9,Grape
44467,Layla Jubilee,1,freet
19080,Olivia Macey,2,Darve
91252,Charlotte Annelise,15,Empye
18312,Scarlett Macey,19,FLux
97628,Ella Arizona,20,Derple
91751,Isabella Alissa,12,Derple
11967,Ava Kaleah,13,Derple
79430,Abigail Jenny,4,Plasco
38207,Olivia Xyla,12,Yurtle
24389,Isabella Annelise,3,Plasco
85513,Evelyn Jenny,1,Spllll
15689,Harper Theresa,1,Empye
53931,Aria Rosalind,20,freet
86963,Sophia Chevelle,1,FLux
57889,Gianna Kalea,7,Empye
16380,Camila Joey,14,Empye
40921,Scarlett Kalea,8,Darve
83651,Camila Xyla,20,Grape
11707,Mia Lavender,6,Plasco
59250,Emily Salome,3,FLux
68148,Madison Raine,2,Empye
34886,Emily Joey,16,Derple
75726,Luna Joey,14,Teege
98555,Ellie Xyla,14,Darve
57821,Aria Alessa,2,Grape
82125,Madison Jenny,18,freet
55452,Camila Macey,3,Empye
38207,Abigail Eila,12,Yurtle
77639,Ella Jubilee,4,freet
55847,Ava Nahla,7,Derple
96899,Aria Macey,19,freet
97847,Mia Jubilee,6,Grape
20614,Charlotte Raine,5,Grape
40295,Eleanor Rosalind,3,Derple
21531,Isabella Macey,7,Teege
38207,Avery Alissa,6,Yurtle
45619,Harper Ira,16,Empye
46910,Luna Kaleah,2,Spllll
94184,Ava Jenny,5,freet
48722,Gianna Eila,14,Empye
38394,Ava Kya,17,freet
12029,Penelope Alissa,15,Empye
87320,Isabella Kalea,4,FLux
29597,Grace Farah,9,Plasco
96961,Ellie Eila,1,Empye
53450,Avery Kalea,13,Derple
74366,Grace Eila,15,FLux
97260,Madison Kalea,12,Empye
52442,Layla Kaleah,1,Plasco
24755,Camila Asia,6,Spllll
42083,Scarlett Blayke,18,Darve
20119,Mia Natalee,9,Teege
56122,Ellie Ira,11,freet
45906,Isabella Kya,14,freet
96920,Emma Salome,18,freet
91542,Gianna Asia,16,Plasco
96285,Layla Zaya,8,Empye
53570,Abigail Joey,3,Derple
33115,Avery Chevelle,9,freet
86159,Eleanor Raine,1,Empye
63798,Amelia Raine,3,Empye
94850,Luna Alissa,18,Plasco
10981,Penelope Alissa,17,Spllll
47169,Evelyn Salome,10,Darve
38207,Ella Jenny,6,Yurtle
43690,Mila Arizona,19,Teege
12205,Mila Kaleah,13,Teege
31779,Madison Natalee,19,Spllll
11419,Penelope Salome,8,Plasco
70050,Isabella Eila,18,Derple
75302,Ava Alessa,3,Darve
34206,Isabella Alissa,20,Derple
45221,Aria Joey,1,FLux
18166,Eleanor Nahla,13,Derple
48400,Layla Yuna,8,Grape
68248,Chloe Darla,8,Spllll
55074,Elizabeth Arizona,4,FLux
81685,Emily Theresa,19,Spllll
48440,Sofia Theresa,16,Empye
34326,Eleanor Annelise,1,FLux
55347,Charlotte Yuna,18,Teege
60265,Chloe Rosalind,3,Empye
95550,Eleanor Jubilee,6,Empye
59124,Scarlett Jenny,4,Empye
82972,Isabella Xyla,1,Empye
24378,Mia Joey,12,Empye
28897,Mia Natalee,2,Plasco
69467,Eleanor Darla,7,FLux
86908,Mila Salome,20,Teege
72445,Ella Theresa,4,Teege
75595,Olivia Rosalind,6,Spllll
38207,Isabella Nahla,14,Yurtle
38207,Sofia Ira,14,Yurtle
27216,Avery Yuna,15,Teege
47434,Ella Theresa,10,Grape
25767,Luna Rosalind,6,Grape
38207,Mia Asia,3,Yurtle
46332,Charlotte Rosalind,4,FLux
81092,Layla Kaleah,10,Teege
39399,Elizabeth Eila,2,Spllll
49753,Ellie Rosalind,9,Empye
35406,Grace Natalee,3,Empye
26295,Sofia Kalea,1,freet
59085,Ava Salome,14,Teege
21817,Mia Xyla,5,Spllll
70606,Mila Jenny,3,Derple
72937,Eleanor Kaleah,8,Spllll
93995,Ava Annelise,18,FLux
71834,Emma Macey,1,Spllll
11753,Isabella Alessa,16,freet
32557,Charlotte Salome,20,freet
60882,Luna Macey,1,Plasco
24084,Charlotte Salome,5,freet
46225,Layla Kya,6,Grape
91783,Harper Alissa,2,Plasco
95487,Camila Salome,1,Empye
94848,Abigail Alissa,3,Grape
18602,Chloe Kaleah,10,Plasco
55345,Olivia Rosalind,11,Spllll
38207,Olivia Lavender,1,Yurtle
38207,Camila Blayke,6,Yurtle
90886,Camila Farah,5,Grape
44100,Olivia Xyla,9,freet
74362,Ava Joey,2,FLux
45378,Harper Natalee,10,Spllll
93424,Emma Alessa,9,Darve
38207,Emily Kya,14,Yurtle
44459,Abigail Theresa,18,Darve
38207,Ellie Raine,18,Yurtle
38207,Camila Theresa,12,Yurtle
36388,Mia Renesmee,1,Spllll
89981,Emma Annelise,20,Empye
35836,Chloe Jenny,2,Empye
33704,Sofia Joey,12,Plasco
67806,Avery Renesmee,9,Grape
28548,Gianna Natalee,17,Darve
47025,Amelia Alessa,13,Grape
61126,Ella Macey,11,freet
93483,Emma Alessa,4,Darve
53054,Chloe Lavender,8,Teege
31511,Penelope Blayke,12,Yurtle
39296,Avery Rosalind,5,freet
26900,Mia Ira,11,Derple
85696,Abigail Xyla,20,Empye
35217,Ava Zaya,17,Grape
11169,Penelope Alissa,6,Derple
99473,Amelia Eila,2,Darve
96473,Mia Xyla,13,Spllll
93977,Sophia Annelise,3,Derple
32903,Penelope Darla,19,Teege
83414,Scarlett Jubilee,18,Spllll
36714,Amelia Darla,2,Teege
89748,Aria Natalee,16,freet
48441,Elizabeth Annelise,19,Yurtle
12159,Isabella Alessa,4,Plasco
97028,Avery Kaleah,18,Grape
87446,Camila Nahla,11,Plasco
91857,Ellie Kaleah,20,Teege
25757,Aria Kya,1,Spllll
78206,Eleanor Rosalind,8,Plasco
12420,Grace Blayke,12,Darve
83813,Scarlett Nahla,17,Yurtle
64568,Abigail Macey,10,Plasco
33078,Chloe Raine,19,Darve
97172,Scarlett Arizona,2,FLux
36859,Camila Blayke,14,Teege
38358,Evelyn Xyla,4,Derple
37122,Ella Blayke,4,FLux
67388,Sofia Kalea,4,Derple
87987,Emily Alissa,18,Teege
59486,Evelyn Blayke,13,Yurtle
95668,Elizabeth Zaya,7,Yurtle
41509,Amelia Macey,3,freet
25835,Mila Kalea,11,FLux
58225,Sophia Alessa,11,Empye
95979,Mila Ira,17,Teege
55180,Camila Lavender,14,Teege
54257,Olivia Alissa,7,Darve
35480,Evelyn Nahla,14,Grape
33181,Madison Darla,16,Plasco
41722,Mila Annelise,7,FLux
63584,Layla Xyla,8,Derple
53177,Avery Blayke,17,Darve
50054,Mia Theresa,13,Grape
92450,Elizabeth Rosalind,15,Derple
45834,Mia Alessa,18,Yurtle
15393,Eleanor Lavender,3,Yurtle
22023,Evelyn Jenny,6,Yurtle
76157,Ava Asia,4,FLux
50378,Gianna Farah,14,freet
23973,Layla Natalee,18,Grape
30338,Layla Farah,6,Spllll
15337,Avery Zaya,8,Plasco
72130,Ava Yuna,18,Teege
80787,Amelia Joey,7,freet
68409,Isabella Asia,16,Empye
77868,Evelyn Lavender,5,Grape
35170,Mila Kya,20,Spllll
85065,Olivia Asia,13,Grape
68527,Layla Rosalind,13,Grape
16759,Elizabeth Lavender,3,Plasco
10940,Isabella Jubilee,16,Teege
58313,Madison Ira,17,freet
98772,Madison Jenny,8,Yurtle
37300,Ava Asia,20,Spllll
91589,Grace Asia,15,freet
11198,Scarlett Kya,12,Empye
42860,Mila Darla,17,Grape
20513,Abigail Renesmee,2,Plasco
85909,Isabella Farah,7,Grape
16479,Grace Chevelle,17,Spllll
38836,Ava Blayke,7,Empye
54133,Penelope Arizona,14,Empye
67369,Grace Asia,15,FLux
89593,Emily Joey,5,Yurtle
36076,Abigail Nahla,6,Darve
87520,Gianna Jubilee,17,Darve
91223,Ellie Nahla,20,Derple
93796,Evelyn Renesmee,18,Derple
13909,Aria Xyla,12,Spllll
34896,Charlotte Asia,6,freet
20398,Emma Jubilee,17,freet
99927,Grace Blayke,4,Derple
79282,Isabella Farah,5,Derple
32071,Grace Xyla,16,Plasco
77920,Sofia Lavender,16,Plasco
91778,Chloe Theresa,12,freet
15404,Grace Blayke,13,Empye
15436,Avery Raine,19,Grape
17023,Abigail Renesmee,15,Derple
16846,Abigail Kya,9,freet
78028,Evelyn Ira,19,Darve
48425,Ellie Chevelle,18,FLux
18741,Evelyn Kaleah,12,Grape
98776,Sophia Natalee,2,FLux
21161,Ella Xyla,6,Teege
39853,Madison Natalee,13,Darve
60802,Charlotte Arizona,4,Darve
22235,Eleanor Blayke,6,Empye
19373,Layla Annelise,2,Yurtle
30611,Penelope Xyla,9,FLux
40941,Ellie Asia,16,FLux
13112,Emily Raine,10,Teege
49581,Gianna Raine,12,freet
80010,Eleanor Xyla,7,Darve
42351,Ellie Kaleah,14,Spllll
46971,Madison Renesmee,5,Spllll
41233,Scarlett Eila,19,Teege
60787,Ellie Nahla,6,Derple
48964,Camila Chevelle,6,Plasco
86506,Olivia Asia,1,Teege
10130,Charlotte Rosalind,6,Darve
52202,Evelyn Annelise,4,Darve
73448,Ava Macey,10,Darve
74380,Evelyn Nahla,20,Plasco
57794,Luna Eila,13,Derple
64003,Mia Macey,6,freet
11403,Harper Yuna,20,Yurtle
41256,Emily Chevelle,8,Spllll
45240,Ella Joey,16,Darve
10101,Gianna Raine,3,FLux
61081,Camila Jubilee,12,FLux
30140,Harper Ira,4,Plasco
97290,Penelope Kya,14,freet
69725,Gianna Kalea,5,Grape
49158,Gianna Joey,10,freet
97158,Ava Chevelle,5,Derple
11158,Abigail Lavender,19,Grape
75571,Charlotte Joey,9,Plasco
99566,Harper Natalee,8,Empye
85841,Sofia Darla,8,Spllll
10926,Sophia Asia,17,freet
22965,Avery Alissa,11,Darve
24199,Ella Blayke,10,freet
66640,Gianna Xyla,11,Grape
97765,Scarlett Kya,17,freet
51456,Olivia Natalee,13,Yurtle
41439,Aria Theresa,3,freet
65932,Aria Ira,19,Empye
24239,Abigail Blayke,20,Yurtle
90379,Chloe Natalee,1,freet
60864,Mia Rosalind,16,Darve
79084,Abigail Farah,13,Darve
19925,Mia Joey,19,Grape
32945,Avery Annelise,14,Grape
50257,Abigail Renesmee,12,FLux
90287,Ellie Jenny,17,freet
24682,Gianna Farah,5,Teege
89172,Aria Chevelle,4,Yurtle
34086,Chloe Arizona,19,Darve
37815,Gianna Zaya,20,Derple
85385,Elizabeth Xyla,19,freet
26607,Elizabeth Darla,5,FLux
90986,Penelope Kalea,18,Yurtle
17118,Chloe Salome,17,Plasco
91731,Evelyn Arizona,13,Spllll
19171,Madison Alessa,14,Teege
41480,Grace Alissa,13,Yurtle
65740,Gianna Jubilee,16,Derple
86773,Layla Blayke,10,FLux
28715,Sofia Farah,17,Teege
26136,Emma Lavender,8,Grape
43444,Grace Joey,14,FLux
28287,Harper Zaya,10,Plasco
10911,Chloe Renesmee,18,freet
28695,Grace Rosalind,1,Yurtle
78091,Mila Natalee,10,Teege
87736,Layla Annelise,6,Spllll
56935,Aria Annelise,12,Empye
28307,Avery Kalea,4,Teege
72872,Ella Asia,19,freet
84677,Luna Kaleah,12,FLux
95095,Gianna Joey,6,Teege
89946,Ava Lavender,20,FLux
63283,Ella Blayke,11,Yurtle
85748,Camila Arizona,16,Spllll
12012,Emma Darla,7,Empye
52317,Aria Eila,20,Teege
72886,Evelyn Alissa,18,Plasco
49040,Elizabeth Darla,5,Derple
41268,Penelope Asia,13,Plasco
18143,Emily Rosalind,18,Yurtle
65331,Evelyn Raine,13,freet
56641,Grace Alessa,10,Yurtle
78527,Camila Farah,16,FLux
12556,Madison Arizona,16,Plasco
66391,Evelyn Macey,16,Spllll
20374,Ella Jenny,1,freet
76062,Chloe Joey,2,Spllll
31528,Aria Lavender,11,Teege
53821,Evelyn Blayke,17,Plasco
18378,Mila Asia,1,Plasco
56341,Chloe Joey,14,Yurtle
83759,Isabella Nahla,18,Empye
44735,Aria Nahla,15,Derple
83055,Ella Kaleah,10,Empye
73866,Sofia Kalea,14,Derple
36240,Charlotte Joey,17,Empye
69913,Aria Salome,19,freet
44131,Abigail Salome,19,FLux
86827,Mia Darla,20,Empye
25841,Abigail Xyla,10,Grape
21926,Eleanor Natalee,12,Plasco
84101,Mia Raine,7,Yurtle
55268,Mia Blayke,6,Derple
26707,Sofia Raine,20,FLux
69333,Olivia Arizona,4,FLux
87177,Harper Raine,3,Spllll
40488,Mila Nahla,1,Empye
55960,Sophia Zaya,4,freet
22281,Mila Joey,9,FLux
16972,Evelyn Kya,20,Derple
81126,Eleanor Jenny,1,Yurtle
18305,Emma Xyla,20,Empye
75858,Sophia Lavender,2,Plasco
42679,Abigail Renesmee,12,FLux
75064,Avery Ira,15,Teege
53479,Chloe Yuna,1,Yurtle
86232,Harper Ira,14,Yurtle
98203,Mila Kaleah,10,Darve
82611,Grace Joey,13,Teege
89166,Amelia Rosalind,8,Spllll
21250,Aria Nahla,17,Derple
43866,Sophia Nahla,6,FLux
35731,Charlotte Kya,8,Darve
25996,Isabella Macey,3,FLux
41508,Amelia Theresa,9,Derple
95648,Sophia Alessa,14,FLux
10082,Abigail Lavender,7,Spllll
50579,Charlotte Macey,6,Derple
20120,Emily Joey,19,Empye
22669,Scarlett Macey,2,freet
71486,Ellie Nahla,10,Spllll
17084,Aria Chevelle,5,Plasco
69430,Charlotte Renesmee,19,freet
99638,Gianna Kalea,20,Grape
76141,Penelope Ira,9,Darve
87879,Elizabeth Lavender,15,Spllll
50707,Camila Arizona,16,Derple
17336,Abigail Alissa,11,Derple
94333,Sophia Xyla,19,Grape
88928,Camila Macey,3,Derple
58538,Gianna Kalea,18,Darve
90825,Abigail Nahla,1,Darve
80722,Olivia Yuna,10,freet
46241,Gianna Zaya,10,Grape
15036,Chloe Kaleah,1,Spllll
32086,Eleanor Renesmee,15,Empye
50363,Mia Eila,10,Teege
45516,Amelia Farah,12,FLux
80281,Luna Jubilee,6,Yurtle
91014,Ellie Alissa,17,Plasco
68556,Isabella Yuna,17,Plasco
98306,Ellie Eila,8,freet
94447,Olivia Nahla,14,Spllll
76320,Amelia Arizona,11,freet
24324,Sophia Salome,20,Empye
24540,Scarlett Theresa,12,Spllll
23992,Ellie Joey,18,freet
95773,Camila Eila,16,Plasco
91881,Scarlett Asia,5,FLux
63027,Ella Salome,4,Plasco
78949,Aria Asia,14,Plasco
43439,Aria Jubilee,16,Grape
31797,Avery Alissa,8,Yurtle
48684,Mila Natalee,17,Darve
50881,Mila Rosalind,11,Grape
90093,Harper Chevelle,16,Darve
23730,Aria Blayke,6,freet
67684,Ellie Kaleah,9,freet
61402,Harper Theresa,9,Derple
11809,Isabella Asia,14,FLux
95571,Ella Theresa,20,Derple
69448,Elizabeth Asia,20,Plasco
39263,Ava Rosalind,14,Plasco
20912,Grace Eila,6,Teege
29663,Gianna Chevelle,17,Empye
47447,Sophia Nahla,7,Empye
49985,Grace Zaya,5,Spllll
42904,Madison Kya,1,Grape
55312,Aria Theresa,1,FLux
79191,Luna Natalee,20,Plasco
85761,Charlotte Theresa,12,Plasco
72773,Gianna Annelise,8,Grape
78284,Olivia Natalee,1,Teege
99424,Madison Rosalind,10,Derple
34929,Mia Joey,8,Grape
14179,Camila Salome,19,Derple
22145,Ella Salome,4,Derple
69542,Sophia Farah,8,Empye
99697,Camila Rosalind,14,Spllll
85408,Grace Zaya,8,Spllll
43406,Evelyn Alessa,11,Grape
40604,Elizabeth Macey,9,Spllll
88004,Grace Nahla,11,FLux
46696,Sophia Alessa,14,Grape
72233,Isabella Zaya,17,Grape
86843,Gianna Ira,8,Grape
60407,Evelyn Nahla,1,Spllll
34551,Evelyn Zaya,11,Plasco
83197,Ella Xyla,7,Derple
51602,Elizabeth Salome,6,Grape
95714,Camila Blayke,16,Yurtle
40056,Gianna Annelise,18,Yurtle
45966,Eleanor Kya,2,Spllll
27800,Eleanor Jenny,14,freet
99699,Mila Eila,14,Spllll
99747,Emma Kya,4,Derple
14186,Emily Eila,10,Derple
80623,Grace Yuna,2,Spllll
99706,Chloe Salome,5,freet
89670,Ella Eila,18,Yurtle
71856,Chloe Rosalind,5,Grape
10996,Avery Joey,9,Plasco
44192,Charlotte Blayke,20,freet
35462,Eleanor Kya,8,Derple
20451,Charlotte Eila,2,Yurtle
24565,Chloe Kalea,20,Plasco
80338,Amelia Jubilee,9,FLux
73903,Emma Kya,3,freet
26744,Avery Alessa,3,FLux
22432,Charlotte Salome,7,Spllll
54745,Scarlett Macey,9,Darve
14282,Mila Salome,13,Empye
20861,Chloe Salome,13,Yurtle
26667,Scarlett Salome,18,freet
21909,Chloe Nahla,4,Yurtle
51144,Emma Eila,3,Grape
36409,Harper Alessa,10,FLux
75764,Mila Alessa,19,Spllll
62723,Abigail Natalee,3,freet
93485,Mila Asia,9,freet
79719,Avery Annelise,14,Grape
72623,Olivia Annelise,12,Derple
40511,Aria Natalee,15,FLux
69330,Emma Yuna,13,Teege
93206,Abigail Salome,16,freet
80393,Grace Kaleah,7,Spllll
45309,Avery Natalee,16,Spllll
68767,Ella Ira,14,Plasco
38650,Isabella Yuna,19,Darve
69567,Grace Jubilee,17,Spllll
17985,Scarlett Jenny,20,Yurtle
82956,Mia Joey,8,Teege
39797,Scarlett Rosalind,9,freet
73080,Emily Ira,11,Plasco
54601,Ella Alessa,9,Teege
61439,Isabella Theresa,19,Grape
80095,Amelia Lavender,2,Grape
84856,Abigail Kalea,20,FLux
97963,Olivia Blayke,18,Yurtle
65139,Layla Xyla,17,Darve
20617,Scarlett Kaleah,13,Derple
51240,Mia Salome,19,FLux
17710,Eleanor Yuna,4,Plasco
47851,Abigail Natalee,19,Teege
85257,Ellie Salome,6,Grape
84048,Mila Kalea,13,Yurtle
92461,Chloe Arizona,5,Plasco
64736,Madison Eila,13,Grape
85141,Ella Eila,4,Derple
18597,Gianna Jenny,7,Empye
67596,Chloe Zaya,18,Yurtle
72351,Mia Eila,16,Empye
81855,Aria Natalee,20,Plasco
60011,Evelyn Yuna,20,freet
10009,Chloe Lavender,9,freet
71090,Harper Farah,15,Derple
79583,Madison Raine,13,FLux
66337,Mila Alessa,18,freet
26864,Ella Joey,11,Yurtle
27566,Charlotte Theresa,19,FLux
49530,Emma Salome,6,Derple
27555,Grace Arizona,10,Grape
68790,Avery Alessa,7,Darve
21416,Abigail Yuna,8,Grape
86104,Sophia Macey,8,Grape
65454,Aria Renesmee,1,Darve
19237,Abigail Salome,11,Derple
68291,Aria Jubilee,13,Darve
73263,Sofia Alissa,12,Derple
10513,Aria Kya,9,Darve
20767,Sophia Farah,7,Teege
38390,Grace Kya,20,FLux
71148,Penelope Salome,10,Spllll
98421,Olivia Zaya,1,Grape
65957,Evelyn Darla,12,Plasco
47777,Charlotte Rosalind,1,Empye
57657,Grace Farah,11,Derple
80686,Amelia Alessa,8,freet
65276,Sofia Joey,16,Empye
17958,Layla Natalee,18,Yurtle
37002,Penelope Nahla,17,Derple
80885,Gianna Zaya,1,Teege
56811,Charlotte Nahla,7,Teege
77701,Mia Nahla,5,Plasco
37417,Emma Alissa,18,Derple
80563,Abigail Darla,16,Grape
73050,Amelia Alissa,15,Derple
49920,Olivia Ira,1,Teege
13178,Luna Rosalind,17,Grape
16512,Luna Nahla,10,Teege
68031,Camila Blayke,9,freet
15619,Emily Xyla,12,freet
71909,Luna Kalea,2,Empye
34223,Elizabeth Lavender,10,Grape
74172,Aria Nahla,19,Derple
26318,Mia Joey,16,Spllll
56717,Camila Natalee,4,Empye
10683,Harper Zaya,20,Derple
31784,Sofia Joey,11,Spllll
26183,Camila Theresa,3,Grape
84126,Mia Raine,2,Teege
23352,Mila Kya,20,Grape
35913,Ella Renesmee,14,Darve
55176,Ella Nahla,18,Yurtle
93034,Amelia Alessa,6,Plasco
91176,Harper Nahla,4,Plasco
34481,Emma Kaleah,20,FLux
64907,Ella Xyla,6,Plasco
26916,Ellie Eila,14,Yurtle
37765,Luna Ira,6,FLux
38940,Harper Natalee,11,Yurtle
79624,Emma Lavender,10,Derple
81379,Ellie Lavender,14,Yurtle
86515,Evelyn Kya,10,FLux
23630,Evelyn Arizona,1,Plasco
25780,Olivia Kalea,19,freet
61838,Avery Ira,7,freet
62367,Charlotte Xyla,18,Grape
92873,Olivia Arizona,11,Spllll
94946,Mila Blayke,3,Yurtle
21538,Elizabeth Theresa,3,Grape
15143,Grace Nahla,6,Plasco
65466,Aria Joey,3,Darve
66516,Ella Joey,4,freet
98479,Charlotte Arizona,8,FLux
54960,Abigail Jenny,9,Spllll
24668,Mia Darla,6,Derple
38593,Layla Natalee,15,Grape
60858,Avery Kaleah,20,Derple
21087,Emma Annelise,1,Teege
68074,Gianna Ira,18,Yurtle
17717,Evelyn Jubilee,8,Darve
44596,Amelia Yuna,12,Empye
31801,Sofia Salome,16,Derple
75788,Sofia Kya,7,Grape
70705,Camila Eila,16,Grape
83219,Emily Rosalind,5,Empye
84273,Scarlett Rosalind,15,Empye
67240,Elizabeth Joey,19,freet
44751,Evelyn Zaya,6,Plasco
69930,Layla Alessa,8,FLux
50345,Mila Chevelle,10,Derple
76663,Avery Alessa,16,Empye
95165,Grace Xyla,2,FLux
74029,Grace Arizona,20,Yurtle
26163,Abigail Lavender,9,Derple
34755,Isabella Raine,4,Darve
73633,Camila Kaleah,7,Plasco
29042,Olivia Kalea,11,Spllll
81065,Sophia Natalee,13,Plasco
39395,Grace Nahla,13,Yurtle
93747,Madison Rosalind,18,Derple
57861,Mila Arizona,11,Darve
83873,Penelope Theresa,9,Grape
81392,Emily Xyla,19,Plasco
14683,Emily Macey,15,Yurtle
91025,Grace Kaleah,20,Derple
52783,Isabella Jenny,7,Spllll
82197,Amelia Kaleah,20,Darve
78371,Abigail Xyla,13,Teege
47835,Avery Natalee,4,Plasco
98434,Avery Darla,2,Yurtle
59296,Isabella Jenny,13,Teege
50280,Gianna Arizona,10,Spllll
56450,Layla Chevelle,8,Empye
18405,Luna Nahla,10,Plasco
51528,Olivia Renesmee,10,Empye
19034,Sofia Darla,12,Grape
18327,Gianna Zaya,8,Teege
65370,Luna Blayke,18,Grape
20998,Sofia Blayke,16,Yurtle
95464,Scarlett Rosalind,10,FLux
84378,Sofia Yuna,2,Teege
50500,Aria Alessa,14,Spllll
40425,Mila Kaleah,4,Teege
37422,Madison Kaleah,8,Grape
25135,Eleanor Joey,9,freet
48241,Luna Annelise,17,Empye
44793,Charlotte Joey,17,Spllll
82705,Ava Kaleah,19,Darve
84812,Emma Yuna,17,Spllll
38611,Abigail Zaya,4,Teege
53981,Evelyn Zaya,17,freet
98776,Gianna Yuna,8,Empye
79679,Evelyn Kalea,18,Teege
88332,Abigail Salome,10,FLux
28695,Mia Renesmee,14,Grape
44618,Abigail Chevelle,15,freet
94430,Harper Xyla,4,Grape
32729,Gianna Theresa,15,Plasco
65463,Aria Chevelle,12,Teege
77026,Sophia Jenny,18,Derple
36346,Ava Nahla,11,Darve
46143,Elizabeth Salome,20,FLux
77715,Chloe Lavender,10,Plasco
70903,Amelia Joey,12,freet
15947,Madison Kya,9,Plasco
89839,Amelia Asia,16,Empye
19047,Elizabeth Chevelle,1,Spllll
10740,Emma Alessa,1,Derple
44589,Abigail Kaleah,20,Empye
52840,Evelyn Eila,4,Spllll
61661,Scarlett Zaya,15,Spllll
58316,Ellie Xyla,9,Empye
93966,Ella Alissa,18,freet
42951,Aria Arizona,11,Empye
77631,Olivia Kalea,7,FLux
29934,Emily Lavender,5,FLux
69865,Penelope Kaleah,8,freet
22345,Eleanor Theresa,11,Plasco
93219,Avery Salome,10,Teege
94950,Avery Kalea,7,Yurtle
12662,Amelia Kalea,1,Darve
84528,Chloe Yuna,19,Teege
86721,Emma Alessa,20,freet
86275,Madison Zaya,18,Grape
70033,Scarlett Jubilee,8,freet
27214,Isabella Ira,13,freet
98511,Abigail Natalee,19,Plasco
92615,Ellie Theresa,5,freet
13160,Elizabeth Annelise,12,Grape
18738,Evelyn Macey,7,Grape
37858,Penelope Salome,4,Teege
91712,Scarlett Nahla,2,Yurtle
96291,Isabella Chevelle,7,Darve
33974,Grace Asia,15,FLux
94880,Camila Macey,16,freet
93612,Madison Arizona,3,Darve
70945,Olivia Yuna,11,Empye
99419,Ava Yuna,20,Yurtle
97559,Madison Blayke,3,Yurtle
13082,Gianna Natalee,13,freet
60279,Camila Jubilee,6,freet
36089,Chloe Kalea,19,Empye
23113,Ava Macey,17,freet
90682,Gianna Renesmee,18,Empye
36170,Charlotte Joey,6,Plasco
93201,Madison Arizona,1,Darve
50256,Ava Ira,12,Plasco
32733,Emma Asia,19,Teege
11427,Charlotte Renesmee,20,Plasco
25203,Amelia Nahla,16,Grape
73836,Gianna Salome,15,Teege
21429,Sophia Renesmee,15,Darve
62202,Abigail Theresa,19,Darve
69675,Isabella Theresa,5,Spllll
96208,Charlotte Blayke,19,Teege
97689,Abigail Farah,9,Empye
81162,Emily Kaleah,4,Derple
73844,Scarlett Kalea,18,Grape
40309,Emily Kya,1,Teege
80993,Layla Jubilee,7,Grape
40263,Luna Asia,1,Yurtle
53035,Eleanor Blayke,16,FLux
17855,Emily Farah,12,freet
92408,Abigail Zaya,12,FLux
83076,Olivia Annelise,10,Plasco
15232,Avery Theresa,18,Plasco
32342,Layla Natalee,3,Plasco
79279,Charlotte Kya,10,Yurtle
20525,Chloe Chevelle,3,freet
12107,Charlotte Blayke,16,FLux
50602,Mila Zaya,15,Derple
92670,Charlotte Theresa,10,Darve
40646,Amelia Farah,6,freet
28380,Mia Yuna,11,FLux
48558,Sofia Ira,14,FLux
11510,Gianna Rosalind,10,Plasco
22485,Gianna Eila,12,Teege
68170,Harper Xyla,14,Empye
66500,Grace Salome,13,FLux
90631,Sofia Joey,15,freet
56625,Chloe Kya,14,freet
39120,Abigail Jubilee,10,Teege
66742,Sofia Kya,4,Spllll
73415,Sofia Asia,11,Yurtle
90009,Eleanor Lavender,20,freet
12498,Emma Farah,10,FLux
91811,Emily Farah,18,Derple
43582,Gianna Ira,6,freet
30681,Sofia Theresa,16,Spllll
10253,Madison Blayke,14,Derple
84485,Evelyn Ira,18,Spllll
84827,Camila Lavender,19,Derple
28864,Emily Chevelle,1,Grape
38019,Mila Theresa,16,Empye
71917,Sofia Eila,15,freet
41459,Scarlett Natalee,1,Grape
24417,Harper Eila,8,Empye
66461,Sophia Jenny,18,freet
14859,Eleanor Kya,12,Darve
17980,Ava Arizona,8,Empye
87104,Ellie Salome,3,FLux
22026,Chloe Arizona,10,Darve
59568,Ellie Joey,14,Spllll
50630,Chloe Jubilee,18,Yurtle
25342,Charlotte Alessa,3,Teege
52156,Mila Alissa,3,Plasco
84353,Grace Renesmee,18,Empye
19305,Emma Joey,8,freet
81162,Avery Rosalind,5,Darve
29331,Madison Farah,16,Empye
44936,Ella Chevelle,11,Derple
64013,Layla Alessa,16,FLux
43916,Gianna Natalee,19,Spllll
32926,Sophia Arizona,19,Teege
62789,Scarlett Jubilee,19,Teege
45999,Mia Alissa,18,Grape
72999,Scarlett Ira,11,Grape
47796,Sophia Asia,5,Yurtle
18449,Emily Farah,13,Teege
70057,Madison Arizona,20,Yurtle
60263,Charlotte Renesmee,20,FLux
33752,Penelope Macey,11,Spllll
87444,Luna Macey,12,Plasco
71173,Ella Ira,8,Plasco
56154,Sophia Kalea,7,Darve
50644,Ellie Ira,8,Darve
69889,Luna Lavender,6,Yurtle
85614,Luna Nahla,11,Grape
79653,Evelyn Renesmee,13,Darve
29641,Luna Macey,3,Plasco
16117,Layla Kaleah,3,Teege
33847,Abigail Nahla,4,Spllll
91059,Luna Darla,19,Derple
62466,Avery Joey,8,Teege
79725,Olivia Jenny,13,Yurtle
70267,Gianna Xyla,6,Derple
38356,Elizabeth Asia,5,Yurtle
56861,Gianna Xyla,10,Yurtle
26351,Sofia Raine,4,FLux
82608,Avery Farah,12,Derple
12457,Aria Xyla,9,Derple
18341,Emma Darla,10,Grape
21161,Eleanor Farah,18,Yurtle
12130,Luna Natalee,3,FLux
43970,Isabella Macey,5,Darve
65426,Avery Renesmee,18,freet
70547,Aria Eila,20,Empye
64192,Avery Kya,5,Plasco
14290,Sofia Chevelle,17,Spllll
37979,Camila Farah,16,Spllll
23871,Grace Jenny,17,FLux
47667,Camila Alessa,8,Derple
16821,Penelope Macey,12,Grape
56000,Scarlett Eila,5,Grape
49193,Evelyn Alissa,14,Empye
20799,Sophia Alissa,18,Yurtle
19890,Avery Macey,16,Derple
49306,Aria Annelise,10,freet
92908,Elizabeth Chevelle,5,Derple
50570,Emma Blayke,13,Derple
71546,Amelia Arizona,3,Derple
76886,Harper Chevelle,2,freet
66939,Ava Raine,3,Plasco
62419,Mia Salome,17,Grape
87846,Gianna Alessa,3,Yurtle
58396,Amelia Macey,5,Derple
28744,Madison Farah,12,Grape
37238,Grace Ira,16,Spllll
30446,Camila Xyla,6,FLux
39265,Gianna Asia,3,Yurtle
68735,Ava Kya,9,Spllll
72973,Emily Blayke,17,Yurtle
76376,Luna Chevelle,8,FLux
45181,Aria Chevelle,18,FLux
26945,Ella Zaya,8,FLux
58886,Olivia Yuna,19,Spllll
82720,Evelyn Jenny,9,Plasco
51345,Sofia Darla,15,Grape
65769,Olivia Nahla,18,Spllll
91527,Isabella Ira,8,Grape
51577,Ava Asia,15,Derple
16828,Charlotte Yuna,20,FLux
28426,Sofia Xyla,12,Spllll
72834,Penelope Alissa,20,Grape
36190,Penelope Macey,6,Grape
14580,Harper Nahla,20,Empye
23427,Emma Jenny,7,Teege
72413,Elizabeth Macey,16,Teege
67386,Abigail Eila,7,Empye
53227,Emma Arizona,14,Plasco
53792,Ella Zaya,9,Derple
38012,Isabella Joey,17,Plasco
30593,Abigail Rosalind,13,Yurtle
37642,Avery Macey,7,freet
35998,Avery Annelise,8,Yurtle